{
  "dtype": {
    "Date": "uint16",
    "Age": "uint8",
    "Sex": "str",
    "Race": "str",
    "Residence State": "str",
    "Death County": "str",
    "Location": "str",
    "Location if Other": "str",
    "Injury County": "str",
    "Injury State": "str",
    "Heroin": "str",
    "Cocaine": "str",
    "Fentanyl": "str",
    "Fentanyl Analogue": "str",
    "Oxycodone": "str",
    "Oxymorphone": "str",
    "Ethanol": "str",
    "Hydrocodone": "str",
    "Benzodiazepine": "str",
    "Methadone": "str",
    "Amphet": "str",
    "Tramad": "str",
    "Morphine (Not Heroin)": "str",
    "Hydromorphone": "str",
    "Xylazine": "str",
    "Opiate NOS": "str",
    "Any Opioid": "str",
    "CardioCondition": "str",
    "RespiratoryCondition": "str",
    "ObesityCondition": "str",
    "DiabetesCondition": "str"
  }
}



